'Elapsed time','ECG'
'0:00.000',-0.053
'0:00.005',-0.103
'0:00.010',0.006
'0:00.015',0.058
'0:00.020',-0.064
'0:00.025',-0.066
'0:00.030',0.062
'0:00.035',-0.029
'0:00.040',-0.101
'0:00.045',0.048
'0:00.050',0.038
'0:00.055',-0.098
'0:00.060',-0.001
'0:00.065',0.079
'0:00.070',-0.066
'0:00.075',-0.054
'0:00.080',0.086
'0:00.085',-0.010
'0:00.090',-0.090
'0:00.095',0.055
'0:00.100',0.045
'0:00.105',-0.090
'0:00.110',0.010
'0:00.115',0.088
'0:00.120',-0.054
'0:00.125',-0.041
'0:00.130',0.094
'0:00.135',-0.005
'0:00.140',-0.085
'0:00.145',0.058
'0:00.150',0.049
'0:00.155',-0.086
'0:00.160',0.010
'0:00.165',0.092
'0:00.170',-0.052
'0:00.175',-0.043
'0:00.180',0.097
'0:00.185',0.001
'0:00.190',-0.079
'0:00.195',0.067
'0:00.200',0.059
'0:00.205',-0.076
'0:00.210',0.019
'0:00.215',0.095
'0:00.220',-0.050
'0:00.225',-0.041
'0:00.230',0.098
'0:00.235',0.003
'0:00.240',-0.076
'0:00.245',0.074
'0:00.250',0.063
'0:00.255',-0.086
'0:00.260',0.005
'0:00.265',0.092
'0:00.270',-0.050
'0:00.275',-0.044
'0:00.280',0.096
'0:00.285',0.003
'0:00.290',-0.080
'0:00.295',0.064
'0:00.300',0.058
'0:00.305',-0.081
'0:00.310',0.012
'0:00.315',0.095
'0:00.320',-0.050
'0:00.325',-0.042
'0:00.330',0.098
'0:00.335',0.002
'0:00.340',-0.083
'0:00.345',0.062
'0:00.350',0.058
'0:00.355',-0.080
'0:00.360',0.017
'0:00.365',0.103
'0:00.370',-0.049
'0:00.375',-0.052
'0:00.380',0.091
'0:00.385',0.002
'0:00.390',-0.083
'0:00.395',0.062
'0:00.400',0.061
'0:00.405',-0.078
'0:00.410',0.015
'0:00.415',0.100
'0:00.420',-0.043
'0:00.425',-0.037
'0:00.430',0.103
'0:00.435',0.009
'0:00.440',-0.078
'0:00.445',0.063
'0:00.450',0.058
'0:00.455',-0.084
'0:00.460',0.002
'0:00.465',0.084
'0:00.470',-0.057
'0:00.475',-0.048
'0:00.480',0.094
'0:00.485',0.001
'0:00.490',-0.086
'0:00.495',0.054
'0:00.500',0.053
'0:00.505',-0.084
'0:00.510',0.007
'0:00.515',0.093
'0:00.520',-0.048
'0:00.525',-0.047
'0:00.530',0.091
'0:00.535',-0.002
'0:00.540',-0.097
'0:00.545',0.038
'0:00.550',0.044
'0:00.555',-0.062
'0:00.560',0.099
'0:00.565',0.270
'0:00.570',0.188
'0:00.575',0.237
'0:00.580',0.361
'0:00.585',0.133
'0:00.590',-0.090
'0:00.595',-0.021
'0:00.600',-0.062
'0:00.605',-0.185
'0:00.610',-0.076
'0:00.615',0.004
'0:00.620',-0.135
'0:00.625',-0.130
'0:00.630',0.015
'0:00.635',-0.065
'0:00.640',-0.147
'0:00.645',-0.002
'0:00.650',0.003
'0:00.655',-0.134
'0:00.660',-0.045
'0:00.665',0.048
'0:00.670',-0.089
'0:00.675',-0.089
'0:00.680',0.053
'0:00.685',-0.030
'0:00.690',-0.115
'0:00.695',0.033
'0:00.700',0.040
'0:00.705',-0.107
'0:00.710',-0.022
'0:00.715',0.072
'0:00.720',-0.066
'0:00.725',-0.064
'0:00.730',0.081
'0:00.735',-0.002
'0:00.740',-0.094
'0:00.745',0.042
'0:00.750',0.045
'0:00.755',-0.095
'0:00.760',-0.010
'0:00.765',0.081
'0:00.770',-0.059
'0:00.775',-0.065
'0:00.780',0.077
'0:00.785',-0.008
'0:00.790',-0.098
'0:00.795',0.044
'0:00.800',0.047
'0:00.805',-0.096
'0:00.810',-0.010
'0:00.815',0.082
'0:00.820',-0.055
'0:00.825',-0.054
'0:00.830',0.087
'0:00.835',-0.004
'0:00.840',-0.095
'0:00.845',0.049
'0:00.850',0.054
'0:00.855',-0.089
'0:00.860',-0.004
'0:00.865',0.087
'0:00.870',-0.059
'0:00.875',-0.067
'0:00.880',0.078
'0:00.885',-0.006
'0:00.890',-0.100
'0:00.895',0.040
'0:00.900',0.046
'0:00.905',-0.099
'0:00.910',-0.016
'0:00.915',0.076
'0:00.920',-0.063
'0:00.925',-0.067
'0:00.930',0.081
'0:00.935',0.004
'0:00.940',-0.085
'0:00.945',0.057
'0:00.950',0.063
'0:00.955',-0.088
'0:00.960',-0.012
'0:00.965',0.090
'0:00.970',-0.035
'0:00.975',-0.037
'0:00.980',0.108
'0:00.985',0.027
'0:00.990',-0.068
'0:00.995',0.066
'0:01.000',0.067
'0:01.005',-0.078
'0:01.010',0.004
'0:01.015',0.097
'0:01.020',-0.043
'0:01.025',-0.053
'0:01.030',0.091
'0:01.035',0.012
'0:01.040',-0.084
'0:01.045',0.055
'0:01.050',0.065
'0:01.055',-0.078
'0:01.060',0.005
'0:01.065',0.096
'0:01.070',-0.048
'0:01.075',-0.055
'0:01.080',0.091
'0:01.085',0.010
'0:01.090',-0.086
'0:01.095',0.053
'0:01.100',0.067
'0:01.105',-0.076
'0:01.110',-0.002
'0:01.115',0.089
'0:01.120',-0.047
'0:01.125',-0.052
'0:01.130',0.094
'0:01.135',0.014
'0:01.140',-0.082
'0:01.145',0.056
'0:01.150',0.068
'0:01.155',-0.076
'0:01.160',0.001
'0:01.165',0.097
'0:01.170',-0.040
'0:01.175',-0.052
'0:01.180',0.093
'0:01.185',0.015
'0:01.190',-0.083
'0:01.195',0.052
'0:01.200',0.064
'0:01.205',-0.078
'0:01.210',-0.002
'0:01.215',0.095
'0:01.220',-0.038
'0:01.225',-0.051
'0:01.230',0.093
'0:01.235',0.021
'0:01.240',-0.076
'0:01.245',0.052
'0:01.250',0.060
'0:01.255',-0.079
'0:01.260',0.000
'0:01.265',0.097
'0:01.270',-0.038
'0:01.275',-0.054
'0:01.280',0.092
'0:01.285',0.021
'0:01.290',-0.078
'0:01.295',0.053
'0:01.300',0.065
'0:01.305',-0.079
'0:01.310',-0.004
'0:01.315',0.095
'0:01.320',-0.041
'0:01.325',-0.056
'0:01.330',0.092
'0:01.335',0.019
'0:01.340',-0.082
'0:01.345',0.052
'0:01.350',0.069
'0:01.355',-0.078
'0:01.360',-0.006
'0:01.365',0.095
'0:01.370',-0.040
'0:01.375',-0.062
'0:01.380',0.081
'0:01.385',0.009
'0:01.390',-0.089
'0:01.395',0.048
'0:01.400',0.063
'0:01.405',-0.084
'0:01.410',-0.012
'0:01.415',0.091
'0:01.420',-0.042
'0:01.425',-0.065
'0:01.430',0.076
'0:01.435',0.010
'0:01.440',-0.088
'0:01.445',0.045
'0:01.450',0.063
'0:01.455',-0.086
'0:01.460',-0.017
'0:01.465',0.087
'0:01.470',-0.043
'0:01.475',-0.061
'0:01.480',0.083
'0:01.485',0.010
'0:01.490',-0.093
'0:01.495',0.043
'0:01.500',0.067
'0:01.505',-0.076
'0:01.510',-0.012
'0:01.515',0.081
'0:01.520',-0.056
'0:01.525',-0.076
'0:01.530',0.068
'0:01.535',-0.001
'0:01.540',-0.102
'0:01.545',0.036
'0:01.550',0.061
'0:01.555',-0.087
'0:01.560',-0.024
'0:01.565',0.080
'0:01.570',-0.050
'0:01.575',-0.072
'0:01.580',0.077
'0:01.585',0.010
'0:01.590',-0.094
'0:01.595',0.041
'0:01.600',0.065
'0:01.605',-0.082
'0:01.610',-0.023
'0:01.615',0.068
'0:01.620',-0.063
'0:01.625',-0.055
'0:01.630',0.159
'0:01.635',0.183
'0:01.640',0.153
'0:01.645',0.337
'0:01.650',0.365
'0:01.655',0.100
'0:01.660',0.006
'0:01.665',0.020
'0:01.670',-0.163
'0:01.675',-0.188
'0:01.680',-0.010
'0:01.685',-0.070
'0:01.690',-0.178
'0:01.695',-0.045
'0:01.700',-0.017
'0:01.705',-0.158
'0:01.710',-0.087
'0:01.715',0.025
'0:01.720',-0.101
'0:01.725',-0.123
'0:01.730',0.027
'0:01.735',-0.034
'0:01.740',-0.135
'0:01.745',-0.001
'0:01.750',0.029
'0:01.755',-0.116
'0:01.760',-0.051
'0:01.765',0.060
'0:01.770',-0.068
'0:01.775',-0.090
'0:01.780',0.063
'0:01.785',0.001
'0:01.790',-0.110
'0:01.795',0.022
'0:01.800',0.059
'0:01.805',-0.082
'0:01.810',-0.025
'0:01.815',0.078
'0:01.820',-0.048
'0:01.825',-0.073
'0:01.830',0.074
'0:01.835',0.014
'0:01.840',-0.092
'0:01.845',0.039
'0:01.850',0.070
'0:01.855',-0.079
'0:01.860',-0.022
'0:01.865',0.086
'0:01.870',-0.043
'0:01.875',-0.072
'0:01.880',0.077
'0:01.885',0.020
'0:01.890',-0.085
'0:01.895',0.042
'0:01.900',0.069
'0:01.905',-0.082
'0:01.910',-0.026
'0:01.915',0.086
'0:01.920',-0.037
'0:01.925',-0.071
'0:01.930',0.070
'0:01.935',0.012
'0:01.940',-0.093
'0:01.945',0.030
'0:01.950',0.054
'0:01.955',-0.090
'0:01.960',-0.025
'0:01.965',0.087
'0:01.970',-0.038
'0:01.975',-0.066
'0:01.980',0.083
'0:01.985',0.025
'0:01.990',-0.085
'0:01.995',0.039
'0:02.000',0.071
'0:02.005',-0.072
'0:02.010',-0.010
'0:02.015',0.102
'0:02.020',-0.025
'0:02.025',-0.054
'0:02.030',0.095
'0:02.035',0.034
'0:02.040',-0.080
'0:02.045',0.046
'0:02.050',0.079
'0:02.055',-0.068
'0:02.060',-0.006
'0:02.065',0.112
'0:02.070',-0.019
'0:02.075',-0.066
'0:02.080',0.079
'0:02.085',0.027
'0:02.090',-0.085
'0:02.095',0.037
'0:02.100',0.072
'0:02.105',-0.071
'0:02.110',-0.019
'0:02.115',0.087
'0:02.120',-0.043
'0:02.125',-0.082
'0:02.130',0.065
'0:02.135',0.012
'0:02.140',-0.099
'0:02.145',0.030
'0:02.150',0.074
'0:02.155',-0.066
'0:02.160',-0.011
'0:02.165',0.103
'0:02.170',-0.021
'0:02.175',-0.058
'0:02.180',0.090
'0:02.185',0.036
'0:02.190',-0.078
'0:02.195',0.047
'0:02.200',0.089
'0:02.205',-0.056
'0:02.210',-0.013
'0:02.215',0.093
'0:02.220',-0.026
'0:02.225',-0.062
'0:02.230',0.087
'0:02.235',0.036
'0:02.240',-0.079
'0:02.245',0.043
'0:02.250',0.078
'0:02.255',-0.070
'0:02.260',-0.016
'0:02.265',0.098
'0:02.270',-0.025
'0:02.275',-0.064
'0:02.280',0.080
'0:02.285',0.028
'0:02.290',-0.085
'0:02.295',0.038
'0:02.300',0.075
'0:02.305',-0.074
'0:02.310',-0.024
'0:02.315',0.094
'0:02.320',-0.027
'0:02.325',-0.068
'0:02.330',0.083
'0:02.335',0.036
'0:02.340',-0.089
'0:02.345',0.027
'0:02.350',0.069
'0:02.355',-0.075
'0:02.360',-0.023
'0:02.365',0.093
'0:02.370',-0.030
'0:02.375',-0.074
'0:02.380',0.072
'0:02.385',0.024
'0:02.390',-0.089
'0:02.395',0.034
'0:02.400',0.071
'0:02.405',-0.074
'0:02.410',-0.024
'0:02.415',0.091
'0:02.420',-0.027
'0:02.425',-0.069
'0:02.430',0.076
'0:02.435',0.025
'0:02.440',-0.095
'0:02.445',0.025
'0:02.450',0.072
'0:02.455',-0.071
'0:02.460',-0.022
'0:02.465',0.097
'0:02.470',-0.021
'0:02.475',-0.067
'0:02.480',0.079
'0:02.485',0.030
'0:02.490',-0.097
'0:02.495',0.021
'0:02.500',0.075
'0:02.505',-0.068
'0:02.510',-0.023
'0:02.515',0.095
'0:02.520',-0.022
'0:02.525',-0.064
'0:02.530',0.081
'0:02.535',0.030
'0:02.540',-0.094
'0:02.545',0.020
'0:02.550',0.063
'0:02.555',-0.084
'0:02.560',-0.037
'0:02.565',0.082
'0:02.570',-0.036
'0:02.575',-0.082
'0:02.580',0.066
'0:02.585',0.025
'0:02.590',-0.095
'0:02.595',0.024
'0:02.600',0.074
'0:02.605',-0.068
'0:02.610',-0.027
'0:02.615',0.089
'0:02.620',-0.026
'0:02.625',-0.073
'0:02.630',0.068
'0:02.635',0.024
'0:02.640',-0.102
'0:02.645',0.008
'0:02.650',0.072
'0:02.655',-0.022
'0:02.660',0.100
'0:02.665',0.284
'0:02.670',0.207
'0:02.675',0.178
'0:02.680',0.250
'0:02.685',0.061
'0:02.690',-0.158
'0:02.695',-0.098
'0:02.700',-0.068
'0:02.705',-0.181
'0:02.710',-0.119
'0:02.715',-0.001
'0:02.720',-0.118
'0:02.725',-0.162
'0:02.730',-0.011
'0:02.735',-0.046
'0:02.740',-0.156
'0:02.745',-0.036
'0:02.750',0.019
'0:02.755',-0.120
'0:02.760',-0.079
'0:02.765',0.044
'0:02.770',-0.068
'0:02.775',-0.117
'0:02.780',0.033
'0:02.785',-0.001
'0:02.790',-0.118
'0:02.795',0.001
'0:02.800',0.057
'0:02.805',-0.086
'0:02.810',-0.047
'0:02.815',0.078
'0:02.820',-0.032
'0:02.825',-0.080
'0:02.830',0.068
'0:02.835',0.030
'0:02.840',-0.090
'0:02.845',0.026
'0:02.850',0.080
'0:02.855',-0.062
'0:02.860',-0.020
'0:02.865',0.104
'0:02.870',-0.006
'0:02.875',-0.053
'0:02.880',0.097
'0:02.885',0.061
'0:02.890',-0.065
'0:02.895',0.040
'0:02.900',0.086
'0:02.905',-0.062
'0:02.910',-0.026
'0:02.915',0.092
'0:02.920',-0.025
'0:02.925',-0.075
'0:02.930',0.074
'0:02.935',0.038
'0:02.940',-0.086
'0:02.945',0.029
'0:02.950',0.085
'0:02.955',-0.061
'0:02.960',-0.026
'0:02.965',0.094
'0:02.970',-0.018
'0:02.975',-0.071
'0:02.980',0.064
'0:02.985',0.021
'0:02.990',-0.101
'0:02.995',0.010
'0:03.000',0.064
'0:03.005',-0.079
'0:03.010',-0.044
'0:03.015',0.080
'0:03.020',-0.027
'0:03.025',-0.076
'0:03.030',0.071
'0:03.035',0.037
'0:03.040',-0.088
'0:03.045',0.019
'0:03.050',0.076
'0:03.055',-0.064
'0:03.060',-0.029
'0:03.065',0.096
'0:03.070',-0.015
'0:03.075',-0.071
'0:03.080',0.075
'0:03.085',0.041
'0:03.090',-0.083
'0:03.095',0.026
'0:03.100',0.083
'0:03.105',-0.062
'0:03.110',-0.030
'0:03.115',0.095
'0:03.120',-0.016
'0:03.125',-0.073
'0:03.130',0.073
'0:03.135',0.040
'0:03.140',-0.088
'0:03.145',0.022
'0:03.150',0.084
'0:03.155',-0.059
'0:03.160',-0.028
'0:03.165',0.094
'0:03.170',-0.016
'0:03.175',-0.072
'0:03.180',0.073
'0:03.185',0.036
'0:03.190',-0.090
'0:03.195',0.026
'0:03.200',0.085
'0:03.205',-0.061
'0:03.210',-0.029
'0:03.215',0.094
'0:03.220',-0.019
'0:03.225',-0.077
'0:03.230',0.069
'0:03.235',0.040
'0:03.240',-0.081
'0:03.245',0.026
'0:03.250',0.083
'0:03.255',-0.062
'0:03.260',-0.034
'0:03.265',0.094
'0:03.270',-0.014
'0:03.275',-0.077
'0:03.280',0.069
'0:03.285',0.041
'0:03.290',-0.089
'0:03.295',0.022
'0:03.300',0.088
'0:03.305',-0.062
'0:03.310',-0.038
'0:03.315',0.093
'0:03.320',-0.011
'0:03.325',-0.075
'0:03.330',0.065
'0:03.335',0.037
'0:03.340',-0.089
'0:03.345',0.018
'0:03.350',0.083
'0:03.355',-0.058
'0:03.360',-0.031
'0:03.365',0.095
'0:03.370',-0.013
'0:03.375',-0.079
'0:03.380',0.068
'0:03.385',0.041
'0:03.390',-0.090
'0:03.395',0.016
'0:03.400',0.084
'0:03.405',-0.060
'0:03.410',-0.037
'0:03.415',0.093
'0:03.420',-0.011
'0:03.425',-0.074
'0:03.430',0.071
'0:03.435',0.045
'0:03.440',-0.090
'0:03.445',0.012
'0:03.450',0.081
'0:03.455',-0.059
'0:03.460',-0.035
'0:03.465',0.089
'0:03.470',-0.014
'0:03.475',-0.076
'0:03.480',0.063
'0:03.485',0.036
'0:03.490',-0.091
'0:03.495',0.021
'0:03.500',0.087
'0:03.505',-0.063
'0:03.510',-0.043
'0:03.515',0.089
'0:03.520',-0.012
'0:03.525',-0.077
'0:03.530',0.068
'0:03.535',0.043
'0:03.540',-0.092
'0:03.545',0.008
'0:03.550',0.073
'0:03.555',-0.071
'0:03.560',-0.047
'0:03.565',0.085
'0:03.570',-0.016
'0:03.575',-0.083
'0:03.580',0.064
'0:03.585',0.045
'0:03.590',-0.089
'0:03.595',0.015
'0:03.600',0.088
'0:03.605',-0.058
'0:03.610',-0.043
'0:03.615',0.089
'0:03.620',-0.011
'0:03.625',-0.081
'0:03.630',0.062
'0:03.635',0.033
'0:03.640',-0.106
'0:03.645',0.010
'0:03.650',0.118
'0:03.655',0.042
'0:03.660',0.124
'0:03.665',0.286
'0:03.670',0.206
'0:03.675',0.095
'0:03.680',0.114
'0:03.685',0.007
'0:03.690',-0.169
'0:03.695',-0.094
'0:03.700',-0.001
'0:03.705',-0.125
'0:03.710',-0.104
'0:03.715',0.032
'0:03.720',-0.071
'0:03.725',-0.143
'0:03.730',0.009
'0:03.735',0.002
'0:03.740',-0.125
'0:03.745',-0.029
'0:03.750',0.036
'0:03.755',-0.106
'0:03.760',-0.080
'0:03.765',0.059
'0:03.770',-0.039
'0:03.775',-0.105
'0:03.780',0.040
'0:03.785',0.020
'0:03.790',-0.109
'0:03.795',-0.004
'0:03.800',0.070
'0:03.805',-0.072
'0:03.810',-0.052
'0:03.815',0.084
'0:03.820',-0.014
'0:03.825',-0.087
'0:03.830',0.055
'0:03.835',0.038
'0:03.840',-0.095
'0:03.845',0.007
'0:03.850',0.082
'0:03.855',-0.055
'0:03.860',-0.033
'0:03.865',0.103
'0:03.870',0.006
'0:03.875',-0.065
'0:03.880',0.082
'0:03.885',0.067
'0:03.890',-0.072
'0:03.895',0.020
'0:03.900',0.083
'0:03.905',-0.068
'0:03.910',-0.053
'0:03.915',0.083
'0:03.920',-0.014
'0:03.925',-0.087
'0:03.930',0.061
'0:03.935',0.045
'0:03.940',-0.095
'0:03.945',-0.001
'0:03.950',0.077
'0:03.955',-0.064
'0:03.960',-0.057
'0:03.965',0.075
'0:03.970',-0.021
'0:03.975',-0.099
'0:03.980',0.043
'0:03.985',0.028
'0:03.990',-0.107
'0:03.995',-0.008
'0:04.000',0.069
'0:04.005',-0.075
'0:04.010',-0.062
'0:04.015',0.078
'0:04.020',-0.015
'0:04.025',-0.089
'0:04.030',0.059
'0:04.035',0.047
'0:04.040',-0.087
'0:04.045',0.014
'0:04.050',0.094
'0:04.055',-0.050
'0:04.060',-0.046
'0:04.065',0.086
'0:04.070',-0.007
'0:04.075',-0.080
'0:04.080',0.065
'0:04.085',0.056
'0:04.090',-0.083
'0:04.095',0.007
'0:04.100',0.082
'0:04.105',-0.061
'0:04.110',-0.049
'0:04.115',0.092
'0:04.120',-0.004
'0:04.125',-0.087
'0:04.130',0.054
'0:04.135',0.046
'0:04.140',-0.090
'0:04.145',0.002
'0:04.150',0.083
'0:04.155',-0.058
'0:04.160',-0.050
'0:04.165',0.088
'0:04.170',-0.006
'0:04.175',-0.088
'0:04.180',0.056
'0:04.185',0.049
'0:04.190',-0.084
'0:04.195',0.019
'0:04.200',0.104
'0:04.205',-0.039
'0:04.210',-0.028
'0:04.215',0.111
'0:04.220',0.014
'0:04.225',-0.064
'0:04.230',0.084
'0:04.235',0.071
'0:04.240',-0.073
'0:04.245',0.022
'0:04.250',0.108
'0:04.255',-0.034
'0:04.260',-0.029
'0:04.265',0.107
'0:04.270',0.013
'0:04.275',-0.071
'0:04.280',0.072
'0:04.285',0.066
'0:04.290',-0.071
'0:04.295',0.021
'0:04.300',0.100
'0:04.305',-0.048
'0:04.310',-0.043
'0:04.315',0.098
'0:04.320',0.004
'0:04.325',-0.078
'0:04.330',0.067
'0:04.335',0.058
'0:04.340',-0.085
'0:04.345',0.007
'0:04.350',0.091
'0:04.355',-0.054
'0:04.360',-0.049
'0:04.365',0.093
'0:04.370',0.000
'0:04.375',-0.085
'0:04.380',0.060
'0:04.385',0.060
'0:04.390',-0.081
'0:04.395',0.004
'0:04.400',0.081
'0:04.405',-0.063
'0:04.410',-0.057
'0:04.415',0.085
'0:04.420',-0.003
'0:04.425',-0.085
'0:04.430',0.059
'0:04.435',0.056
'0:04.440',-0.086
'0:04.445',0.002
'0:04.450',0.086
'0:04.455',-0.058
'0:04.460',-0.056
'0:04.465',0.084
'0:04.470',-0.007
'0:04.475',-0.090
'0:04.480',0.054
'0:04.485',0.051
'0:04.490',-0.093
'0:04.495',-0.003
'0:04.500',0.081
'0:04.505',-0.065
'0:04.510',-0.065
'0:04.515',0.077
'0:04.520',-0.014
'0:04.525',-0.103
'0:04.530',0.041
'0:04.535',0.040
'0:04.540',-0.102
'0:04.545',-0.011
'0:04.550',0.076
'0:04.555',-0.064
'0:04.560',-0.059
'0:04.565',0.079
'0:04.570',-0.015
'0:04.575',-0.101
'0:04.580',0.046
'0:04.585',0.047
'0:04.590',-0.094
'0:04.595',-0.008
'0:04.600',0.073
'0:04.605',-0.077
'0:04.610',-0.080
'0:04.615',0.085
'0:04.620',0.056
'0:04.625',0.035
'0:04.630',0.214
'0:04.635',0.248
'0:04.640',0.126
'0:04.645',0.130
'0:04.650',0.098
'0:04.655',-0.103
'0:04.660',-0.139
'0:04.665',0.000
'0:04.670',-0.063
'0:04.675',-0.147
'0:04.680',-0.010
'0:04.685',-0.003
'0:04.690',-0.142
'0:04.695',-0.056
'0:04.700',0.037
'0:04.705',-0.098
'0:04.710',-0.099
'0:04.715',0.050
'0:04.720',-0.029
'0:04.725',-0.120
'0:04.730',0.020
'0:04.735',0.025
'0:04.740',-0.114
'0:04.745',-0.027
'0:04.750',0.066
'0:04.755',-0.071
'0:04.760',-0.071
'0:04.765',0.074
'0:04.770',-0.011
'0:04.775',-0.100
'0:04.780',0.047
'0:04.785',0.055
'0:04.790',-0.088
'0:04.795',-0.003
'0:04.800',0.086
'0:04.805',-0.053
'0:04.810',-0.057
'0:04.815',0.085
'0:04.820',0.003
'0:04.825',-0.090
'0:04.830',0.051
'0:04.835',0.060
'0:04.840',-0.084
'0:04.845',-0.008
'0:04.850',0.081
'0:04.855',-0.053
'0:04.860',-0.055
'0:04.865',0.086
'0:04.870',-0.002
'0:04.875',-0.096
'0:04.880',0.049
'0:04.885',0.060
'0:04.890',-0.081
'0:04.895',0.005
'0:04.900',0.099
'0:04.905',-0.043
'0:04.910',-0.053
'0:04.915',0.091
'0:04.920',0.010
'0:04.925',-0.085
'0:04.930',0.051
'0:04.935',0.058
'0:04.940',-0.086
'0:04.945',-0.006
'0:04.950',0.084
'0:04.955',-0.060
'0:04.960',-0.074
'0:04.965',0.077
'0:04.970',0.011
'0:04.975',-0.080
'0:04.980',0.062
'0:04.985',0.075
'0:04.990',-0.069
'0:04.995',0.011
'0:05.000',0.106
'0:05.005',-0.032
'0:05.010',-0.043
'0:05.015',0.102
'0:05.020',0.024
'0:05.025',-0.075
'0:05.030',0.057
'0:05.035',0.068
'0:05.040',-0.074
'0:05.045',0.003
'0:05.050',0.099
'0:05.055',-0.035
'0:05.060',-0.044
'0:05.065',0.094
'0:05.070',0.006
'0:05.075',-0.093
'0:05.080',0.048
'0:05.085',0.059
'0:05.090',-0.085
'0:05.095',-0.006
'0:05.100',0.089
'0:05.105',-0.049
'0:05.110',-0.061
'0:05.115',0.084
'0:05.120',0.007
'0:05.125',-0.090
'0:05.130',0.048
'0:05.135',0.060
'0:05.140',-0.086
'0:05.145',-0.009
'0:05.150',0.089
'0:05.155',-0.049
'0:05.160',-0.059
'0:05.165',0.086
'0:05.170',0.007
'0:05.175',-0.089
'0:05.180',0.053
'0:05.185',0.068
'0:05.190',-0.081
'0:05.195',-0.011
'0:05.200',0.086
'0:05.205',-0.047
'0:05.210',-0.056
'0:05.215',0.088
'0:05.220',0.009
'0:05.225',-0.089
'0:05.230',0.046
'0:05.235',0.058
'0:05.240',-0.087
'0:05.245',-0.015
'0:05.250',0.084
'0:05.255',-0.049
'0:05.260',-0.059
'0:05.265',0.087
'0:05.270',0.013
'0:05.275',-0.088
'0:05.280',0.045
'0:05.285',0.060
'0:05.290',-0.084
'0:05.295',-0.010
'0:05.300',0.088
'0:05.305',-0.048
'0:05.310',-0.064
'0:05.315',0.080
'0:05.320',0.007
'0:05.325',-0.091
'0:05.330',0.045
'0:05.335',0.062
'0:05.340',-0.087
'0:05.345',-0.020
'0:05.350',0.081
'0:05.355',-0.050
'0:05.360',-0.069
'0:05.365',0.076
'0:05.370',0.005
'0:05.375',-0.096
'0:05.380',0.038
'0:05.385',0.057
'0:05.390',-0.089
'0:05.395',-0.020
'0:05.400',0.081
'0:05.405',-0.052
'0:05.410',-0.069
'0:05.415',0.076
'0:05.420',0.003
'0:05.425',-0.099
'0:05.430',0.036
'0:05.435',0.056
'0:05.440',-0.090
'0:05.445',-0.019
'0:05.450',0.083
'0:05.455',-0.052
'0:05.460',-0.071
'0:05.465',0.078
'0:05.470',0.007
'0:05.475',-0.102
'0:05.480',0.029
'0:05.485',0.049
'0:05.490',-0.097
'0:05.495',-0.024
'0:05.500',0.081
'0:05.505',-0.053
'0:05.510',-0.079
'0:05.515',0.065
'0:05.520',0.001
'0:05.525',-0.099
'0:05.530',0.033
'0:05.535',0.051
'0:05.540',-0.097
'0:05.545',-0.030
'0:05.550',0.074
'0:05.555',-0.057
'0:05.560',-0.079
'0:05.565',0.070
'0:05.570',0.005
'0:05.575',-0.097
'0:05.580',0.038
'0:05.585',0.061
'0:05.590',-0.083
'0:05.595',-0.014
'0:05.600',0.091
'0:05.605',-0.038
'0:05.610',-0.057
'0:05.615',0.092
'0:05.620',0.029
'0:05.625',-0.073
'0:05.630',0.053
'0:05.635',0.060
'0:05.640',-0.096
'0:05.645',-0.016
'0:05.650',0.128
'0:05.655',0.064
'0:05.660',0.104
'0:05.665',0.288
'0:05.670',0.262
'0:05.675',0.138
'0:05.680',0.147
'0:05.685',0.074
'0:05.690',-0.114
'0:05.695',-0.078
'0:05.700',0.033
'0:05.705',-0.086
'0:05.710',-0.114
'0:05.715',0.032
'0:05.720',-0.031
'0:05.725',-0.132
'0:05.730',0.002
'0:05.735',0.031
'0:05.740',-0.114
'0:05.745',-0.049
'0:05.750',0.061
'0:05.755',-0.070
'0:05.760',-0.095
'0:05.765',0.056
'0:05.770',-0.007
'0:05.775',-0.111
'0:05.780',0.025
'0:05.785',0.054
'0:05.790',-0.097
'0:05.795',-0.037
'0:05.800',0.074
'0:05.805',-0.051
'0:05.810',-0.074
'0:05.815',0.075
'0:05.820',0.013
'0:05.825',-0.095
'0:05.830',0.035
'0:05.835',0.065
'0:05.840',-0.079
'0:05.845',-0.016
'0:05.850',0.095
'0:05.855',-0.033
'0:05.860',-0.067
'0:05.865',0.074
'0:05.870',0.011
'0:05.875',-0.097
'0:05.880',0.031
'0:05.885',0.061
'0:05.890',-0.085
'0:05.895',-0.022
'0:05.900',0.089
'0:05.905',-0.039
'0:05.910',-0.068
'0:05.915',0.080
'0:05.920',0.020
'0:05.925',-0.088
'0:05.930',0.040
'0:05.935',0.068
'0:05.940',-0.076
'0:05.945',-0.010
'0:05.950',0.099
'0:05.955',-0.027
'0:05.960',-0.053
'0:05.965',0.090
'0:05.970',0.023
'0:05.975',-0.087
'0:05.980',0.040
'0:05.985',0.071
'0:05.990',-0.074
'0:05.995',-0.014
'0:06.000',0.097
'0:06.005',-0.027
'0:06.010',-0.058
'0:06.015',0.088
'0:06.020',0.030
'0:06.025',-0.078
'0:06.030',0.051
'0:06.035',0.083
'0:06.040',-0.063
'0:06.045',-0.005
'0:06.050',0.106
'0:06.055',-0.018
'0:06.060',-0.047
'0:06.065',0.098
'0:06.070',0.034
'0:06.075',-0.077
'0:06.080',0.050
'0:06.085',0.076
'0:06.090',-0.074
'0:06.095',-0.012
'0:06.100',0.100
'0:06.105',-0.030
'0:06.110',-0.066
'0:06.115',0.080
'0:06.120',0.023
'0:06.125',-0.090
'0:06.130',0.035
'0:06.135',0.068
'0:06.140',-0.080
'0:06.145',-0.023
'0:06.150',0.089
'0:06.155',-0.038
'0:06.160',-0.074
'0:06.165',0.074
'0:06.170',0.018
'0:06.175',-0.094
'0:06.180',0.032
'0:06.185',0.066
'0:06.190',-0.079
'0:06.195',-0.021
'0:06.200',0.090
'0:06.205',-0.039
'0:06.210',-0.078
'0:06.215',0.071
'0:06.220',0.018
'0:06.225',-0.095
'0:06.230',0.030
'0:06.235',0.067
'0:06.240',-0.079
'0:06.245',-0.024
'0:06.250',0.090
'0:06.255',-0.033
'0:06.260',-0.074
'0:06.265',0.069
'0:06.270',0.015
'0:06.275',-0.096
'0:06.280',0.030
'0:06.285',0.067
'0:06.290',-0.081
'0:06.295',-0.024
'0:06.300',0.091
'0:06.305',-0.034
'0:06.310',-0.073
'0:06.315',0.074
'0:06.320',0.021
'0:06.325',-0.094
'0:06.330',0.031
'0:06.335',0.072
'0:06.340',-0.072
'0:06.345',-0.022
'0:06.350',0.086
'0:06.355',-0.039
'0:06.360',-0.073
'0:06.365',0.075
'0:06.370',0.020
'0:06.375',-0.095
'0:06.380',0.029
'0:06.385',0.070
'0:06.390',-0.076
'0:06.395',-0.025
'0:06.400',0.089
'0:06.405',-0.034
'0:06.410',-0.074
'0:06.415',0.073
'0:06.420',0.025
'0:06.425',-0.093
'0:06.430',0.025
'0:06.435',0.066
'0:06.440',-0.079
'0:06.445',-0.029
'0:06.450',0.088
'0:06.455',-0.032
'0:06.460',-0.073
'0:06.465',0.075
'0:06.470',0.028
'0:06.475',-0.090
'0:06.480',0.022
'0:06.485',0.059
'0:06.490',-0.082
'0:06.495',-0.030
'0:06.500',0.088
'0:06.505',-0.029
'0:06.510',-0.073
'0:06.515',0.074
'0:06.520',0.031
'0:06.525',-0.086
'0:06.530',0.029
'0:06.535',0.071
'0:06.540',-0.074
'0:06.545',-0.028
'0:06.550',0.086
'0:06.555',-0.035
'0:06.560',-0.075
'0:06.565',0.076
'0:06.570',0.032
'0:06.575',-0.089
'0:06.580',0.025
'0:06.585',0.071
'0:06.590',-0.073
'0:06.595',-0.029
'0:06.600',0.088
'0:06.605',-0.034
'0:06.610',-0.084
'0:06.615',0.063
'0:06.620',0.022
'0:06.625',-0.096
'0:06.630',0.022
'0:06.635',0.067
'0:06.640',-0.079
'0:06.645',-0.031
'0:06.650',0.089
'0:06.655',-0.031
'0:06.660',-0.077
'0:06.665',0.069
'0:06.670',0.026
'0:06.675',-0.090
'0:06.680',0.028
'0:06.685',0.075
'0:06.690',-0.072
'0:06.695',-0.031
'0:06.700',0.079
'0:06.705',-0.053
'0:06.710',-0.092
'0:06.715',0.092
'0:06.720',0.107
'0:06.725',0.048
'0:06.730',0.213
'0:06.735',0.312
'0:06.740',0.158
'0:06.745',0.078
'0:06.750',0.086
'0:06.755',-0.083
'0:06.760',-0.161
'0:06.765',-0.006
'0:06.770',-0.038
'0:06.775',-0.165
'0:06.780',-0.048
'0:06.785',0.003
'0:06.790',-0.142
'0:06.795',-0.093
'0:06.800',0.033
'0:06.805',-0.079
'0:06.810',-0.122
'0:06.815',0.031
'0:06.820',-0.008
'0:06.825',-0.132
'0:06.830',-0.017
'0:06.835',0.038
'0:06.840',-0.100
'0:06.845',-0.057
'0:06.850',0.061
'0:06.855',-0.053
'0:06.860',-0.098
'0:06.865',0.050
'0:06.870',0.014
'0:06.875',-0.103
'0:06.880',0.014
'0:06.885',0.066
'0:06.890',-0.079
'0:06.895',-0.039
'0:06.900',0.084
'0:06.905',-0.030
'0:06.910',-0.082
'0:06.915',0.067
'0:06.920',0.029
'0:06.925',-0.092
'0:06.930',0.022
'0:06.935',0.070
'0:06.940',-0.078
'0:06.945',-0.040
'0:06.950',0.078
'0:06.955',-0.037
'0:06.960',-0.085
'0:06.965',0.062
'0:06.970',0.025
'0:06.975',-0.097
'0:06.980',0.017
'0:06.985',0.073
'0:06.990',-0.072
'0:06.995',-0.035
'0:07.000',0.089
'0:07.005',-0.024
'0:07.010',-0.078
'0:07.015',0.069
'0:07.020',0.032
'0:07.025',-0.094
'0:07.030',0.020
'0:07.035',0.077
'0:07.040',-0.069
'0:07.045',-0.037
'0:07.050',0.085
'0:07.055',-0.027
'0:07.060',-0.083
'0:07.065',0.061
'0:07.070',0.027
'0:07.075',-0.093
'0:07.080',0.021
'0:07.085',0.076
'0:07.090',-0.068
'0:07.095',-0.029
'0:07.100',0.100
'0:07.105',-0.011
'0:07.110',-0.069
'0:07.115',0.078
'0:07.120',0.042
'0:07.125',-0.082
'0:07.130',0.032
'0:07.135',0.089
'0:07.140',-0.057
'0:07.145',-0.022
'0:07.150',0.105
'0:07.155',-0.007
'0:07.160',-0.068
'0:07.165',0.071
'0:07.170',0.037
'0:07.175',-0.082
'0:07.180',0.028
'0:07.185',0.077
'0:07.190',-0.071
'0:07.195',-0.035
'0:07.200',0.089
'0:07.205',-0.023
'0:07.210',-0.079
'0:07.215',0.069
'0:07.220',0.035
'0:07.225',-0.091
'0:07.230',0.022
'0:07.235',0.080
'0:07.240',-0.068
'0:07.245',-0.036
'0:07.250',0.090
'0:07.255',-0.020
'0:07.260',-0.078
'0:07.265',0.071
'0:07.270',0.040
'0:07.275',-0.092
'0:07.280',0.015
'0:07.285',0.076
'0:07.290',-0.066
'0:07.295',-0.030
'0:07.300',0.093
'0:07.305',-0.027
'0:07.310',-0.087
'0:07.315',0.065
'0:07.320',0.034
'0:07.325',-0.091
'0:07.330',0.021
'0:07.335',0.082
'0:07.340',-0.064
'0:07.345',-0.036
'0:07.350',0.091
'0:07.355',-0.018
'0:07.360',-0.076
'0:07.365',0.073
'0:07.370',0.042
'0:07.375',-0.086
'0:07.380',0.026
'0:07.385',0.086
'0:07.390',-0.065
'0:07.395',-0.033
'0:07.400',0.099
'0:07.405',-0.016
'0:07.410',-0.082
'0:07.415',0.066
'0:07.420',0.038
'0:07.425',-0.093
'0:07.430',0.016
'0:07.435',0.080
'0:07.440',-0.068
'0:07.445',-0.038
'0:07.450',0.095
'0:07.455',-0.011
'0:07.460',-0.076
'0:07.465',0.068
'0:07.470',0.039
'0:07.475',-0.088
'0:07.480',0.019
'0:07.485',0.081
'0:07.490',-0.063
'0:07.495',-0.032
'0:07.500',0.095
'0:07.505',-0.019
'0:07.510',-0.082
'0:07.515',0.069
'0:07.520',0.038
'0:07.525',-0.100
'0:07.530',0.010
'0:07.535',0.079
'0:07.540',-0.067
'0:07.545',-0.043
'0:07.550',0.086
'0:07.555',-0.022
'0:07.560',-0.087
'0:07.565',0.061
'0:07.570',0.039
'0:07.575',-0.089
'0:07.580',0.016
'0:07.585',0.079
'0:07.590',-0.067
'0:07.595',-0.041
'0:07.600',0.092
'0:07.605',-0.014
'0:07.610',-0.080
'0:07.615',0.066
'0:07.620',0.042
'0:07.625',-0.094
'0:07.630',0.005
'0:07.635',0.076
'0:07.640',-0.063
'0:07.645',-0.039
'0:07.650',0.092
'0:07.655',-0.013
'0:07.660',-0.079
'0:07.665',0.071
'0:07.670',0.050
'0:07.675',-0.085
'0:07.680',0.015
'0:07.685',0.081
'0:07.690',-0.064
'0:07.695',-0.046
'0:07.700',0.082
'0:07.705',-0.021
'0:07.710',-0.088
'0:07.715',0.056
'0:07.720',0.037
'0:07.725',-0.088
'0:07.730',0.015
'0:07.735',0.078
'0:07.740',-0.068
'0:07.745',-0.043
'0:07.750',0.091
'0:07.755',-0.015
'0:07.760',-0.084
'0:07.765',0.063
'0:07.770',0.043
'0:07.775',-0.097
'0:07.780',-0.008
'0:07.785',0.059
'0:07.790',-0.065
'0:07.795',0.007
'0:07.800',0.215
'0:07.805',0.174
'0:07.810',0.152
'0:07.815',0.331
'0:07.820',0.235
'0:07.825',-0.047
'0:07.830',-0.033
'0:07.835',-0.004
'0:07.840',-0.160
'0:07.845',-0.120
'0:07.850',0.017
'0:07.855',-0.089
'0:07.860',-0.164
'0:07.865',-0.018
'0:07.870',-0.027
'0:07.875',-0.155
'0:07.880',-0.051
'0:07.885',0.026
'0:07.890',-0.117
'0:07.895',-0.096
'0:07.900',0.044
'0:07.905',-0.055
'0:07.910',-0.126
'0:07.915',0.024
'0:07.920',0.011
'0:07.925',-0.123
'0:07.930',-0.024
'0:07.935',0.051
'0:07.940',-0.089
'0:07.945',-0.068
'0:07.950',0.065
'0:07.955',-0.037
'0:07.960',-0.105
'0:07.965',0.045
'0:07.970',0.032
'0:07.975',-0.100
'0:07.980',0.001
'0:07.985',0.072
'0:07.990',-0.074
'0:07.995',-0.056
'0:08.000',0.080
'0:08.005',-0.022
'0:08.010',-0.095
'0:08.015',0.052
'0:08.020',0.037
'0:08.025',-0.100
'0:08.030',-0.001
'0:08.035',0.073
'0:08.040',-0.073
'0:08.045',-0.060
'0:08.050',0.079
'0:08.055',-0.018
'0:08.060',-0.095
'0:08.065',0.051
'0:08.070',0.041
'0:08.075',-0.093
'0:08.080',0.002
'0:08.085',0.075
'0:08.090',-0.066
'0:08.095',-0.047
'0:08.100',0.089
'0:08.105',-0.016
'0:08.110',-0.096
'0:08.115',0.050
'0:08.120',0.038
'0:08.125',-0.100
'0:08.130',-0.004
'0:08.135',0.072
'0:08.140',-0.074
'0:08.145',-0.062
'0:08.150',0.079
'0:08.155',-0.015
'0:08.160',-0.090
'0:08.165',0.059
'0:08.170',0.049
'0:08.175',-0.089
'0:08.180',0.010
'0:08.185',0.093
'0:08.190',-0.053
'0:08.195',-0.047
'0:08.200',0.094
'0:08.205',0.004
'0:08.210',-0.072
'0:08.215',0.076
'0:08.220',0.065
'0:08.225',-0.081
'0:08.230',0.010
'0:08.235',0.093
'0:08.240',-0.049
'0:08.245',-0.043
'0:08.250',0.093
'0:08.255',0.003
'0:08.260',-0.075
'0:08.265',0.068
'0:08.270',0.058
'0:08.275',-0.080
'0:08.280',0.014
'0:08.285',0.095
'0:08.290',-0.047
'0:08.295',-0.039
'0:08.300',0.098
'0:08.305',0.007
'0:08.310',-0.077
'0:08.315',0.060
'0:08.320',0.051
'0:08.325',-0.085
'0:08.330',0.009
'0:08.335',0.091
'0:08.340',-0.049
'0:08.345',-0.043
'0:08.350',0.090
'0:08.355',-0.005
'0:08.360',-0.083
'0:08.365',0.061
'0:08.370',0.055
'0:08.375',-0.083
'0:08.380',0.009
'0:08.385',0.093
'0:08.390',-0.051
'0:08.395',-0.045
'0:08.400',0.097
'0:08.405',0.006
'0:08.410',-0.079
'0:08.415',0.065
'0:08.420',0.060
'0:08.425',-0.080
'0:08.430',0.013
'0:08.435',0.100
'0:08.440',-0.045
'0:08.445',-0.047
'0:08.450',0.093
'0:08.455',0.007
'0:08.460',-0.077
'0:08.465',0.066
'0:08.470',0.063
'0:08.475',-0.077
'0:08.480',0.020
'0:08.485',0.107
'0:08.490',-0.040
'0:08.495',-0.044
'0:08.500',0.095
'0:08.505',0.010
'0:08.510',-0.076
'0:08.515',0.067
'0:08.520',0.067
'0:08.525',-0.076
'0:08.530',0.014
'0:08.535',0.104
'0:08.540',-0.038
'0:08.545',-0.039
'0:08.550',0.100
'0:08.555',0.012
'0:08.560',-0.074
'0:08.565',0.066
'0:08.570',0.069
'0:08.575',-0.070
'0:08.580',0.014
'0:08.585',0.098
'0:08.590',-0.047
'0:08.595',-0.047
'0:08.600',0.100
'0:08.605',0.015
'0:08.610',-0.076
'0:08.615',0.059
'0:08.620',0.059
'0:08.625',-0.081
'0:08.630',0.007
'0:08.635',0.098
'0:08.640',-0.044
'0:08.645',-0.047
'0:08.650',0.094
'0:08.655',0.009
'0:08.660',-0.079
'0:08.665',0.062
'0:08.670',0.064
'0:08.675',-0.078
'0:08.680',0.009
'0:08.685',0.103
'0:08.690',-0.038
'0:08.695',-0.043
'0:08.700',0.100
'0:08.705',0.014
'0:08.710',-0.075
'0:08.715',0.065
'0:08.720',0.066
'0:08.725',-0.074
'0:08.730',0.011
'0:08.735',0.098
'0:08.740',-0.041
'0:08.745',-0.042
'0:08.750',0.102
'0:08.755',0.014
'0:08.760',-0.079
'0:08.765',0.061
'0:08.770',0.059
'0:08.775',-0.091
'0:08.780',-0.007
'0:08.785',0.086
'0:08.790',-0.054
'0:08.795',-0.054
'0:08.800',0.094
'0:08.805',0.011
'0:08.810',-0.081
'0:08.815',0.061
'0:08.820',0.066
'0:08.825',-0.081
'0:08.830',0.001
'0:08.835',0.094
'0:08.840',-0.047
'0:08.845',-0.053
'0:08.850',0.091
'0:08.855',-0.001
'0:08.860',-0.111
'0:08.865',0.034
'0:08.870',0.082
'0:08.875',0.013
'0:08.880',0.177
'0:08.885',0.326
'0:08.890',0.230
'0:08.895',0.202
'0:08.900',0.214
'0:08.905',0.006
'0:08.910',-0.161
'0:08.915',-0.065
'0:08.920',-0.043
'0:08.925',-0.165
'0:08.930',-0.086
'0:08.935',0.010
'0:08.940',-0.127
'0:08.945',-0.135
'0:08.950',0.015
'0:08.955',-0.063
'0:08.960',-0.164
'0:08.965',-0.018
'0:08.970',0.014
'0:08.975',-0.124
'0:08.980',-0.043
'0:08.985',0.056
'0:08.990',-0.082
'0:08.995',-0.091
'0:09.000',0.060
'0:09.005',-0.016
'0:09.010',-0.114
'0:09.015',0.022
'0:09.020',0.036
'0:09.025',-0.102
'0:09.030',-0.022
'0:09.035',0.072
'0:09.040',-0.064
'0:09.045',-0.067
'0:09.050',0.085
'0:09.055',0.003
'0:09.060',-0.104
'0:09.065',0.034
'0:09.070',0.053
'0:09.075',-0.092
'0:09.080',-0.013
'0:09.085',0.086
'0:09.090',-0.054
'0:09.095',-0.065
'0:09.100',0.083
'0:09.105',0.006
'0:09.110',-0.093
'0:09.115',0.046
'0:09.120',0.060
'0:09.125',-0.086
'0:09.130',-0.010
'0:09.135',0.091
'0:09.140',-0.042
'0:09.145',-0.056
'0:09.150',0.087
'0:09.155',0.015
'0:09.160',-0.080
'0:09.165',0.059
'0:09.170',0.077
'0:09.175',-0.074
'0:09.180',-0.004
'0:09.185',0.098
'0:09.190',-0.035
'0:09.195',-0.051
'0:09.200',0.089
'0:09.205',0.008
'0:09.210',-0.092
'0:09.215',0.046
'0:09.220',0.061
'0:09.225',-0.087
'0:09.230',-0.014
'0:09.235',0.087
'0:09.240',-0.047
'0:09.245',-0.061
'0:09.250',0.087
'0:09.255',0.014
'0:09.260',-0.085
'0:09.265',0.055
'0:09.270',0.075
'0:09.275',-0.074
'0:09.280',-0.003
'0:09.285',0.101
'0:09.290',-0.033
'0:09.295',-0.052
'0:09.300',0.091
'0:09.305',0.018
'0:09.310',-0.086
'0:09.315',0.047
'0:09.320',0.066
'0:09.325',-0.083
'0:09.330',-0.012
'0:09.335',0.094
'0:09.340',-0.038
'0:09.345',-0.063
'0:09.350',0.078
'0:09.355',0.012
'0:09.360',-0.086
'0:09.365',0.047
'0:09.370',0.066
'0:09.375',-0.080
'0:09.380',-0.010
'0:09.385',0.094
'0:09.390',-0.039
'0:09.395',-0.059
'0:09.400',0.089
'0:09.405',0.018
'0:09.410',-0.088
'0:09.415',0.045
'0:09.420',0.067
'0:09.425',-0.081
'0:09.430',-0.010
'0:09.435',0.099
'0:09.440',-0.038
'0:09.445',-0.066
'0:09.450',0.079
'0:09.455',0.010
'0:09.460',-0.094
'0:09.465',0.041
'0:09.470',0.063
'0:09.475',-0.084
'0:09.480',-0.015
'0:09.485',0.093
'0:09.490',-0.037
'0:09.495',-0.061
'0:09.500',0.080
'0:09.505',0.008
'0:09.510',-0.095
'0:09.515',0.042
'0:09.520',0.064
'0:09.525',-0.086
'0:09.530',-0.019
'0:09.535',0.089
'0:09.540',-0.043
'0:09.545',-0.067
'0:09.550',0.082
'0:09.555',0.018
'0:09.560',-0.091
'0:09.565',0.039
'0:09.570',0.065
'0:09.575',-0.081
'0:09.580',-0.012
'0:09.585',0.097
'0:09.590',-0.040
'0:09.595',-0.067
'0:09.600',0.086
'0:09.605',0.024
'0:09.610',-0.085
'0:09.615',0.044
'0:09.620',0.067
'0:09.625',-0.082
'0:09.630',-0.017
'0:09.635',0.092
'0:09.640',-0.039
'0:09.645',-0.064
'0:09.650',0.086
'0:09.655',0.018
'0:09.660',-0.095
'0:09.665',0.037
'0:09.670',0.066
'0:09.675',-0.082
'0:09.680',-0.017
'0:09.685',0.092
'0:09.690',-0.039
'0:09.695',-0.067
'0:09.700',0.079
'0:09.705',0.016
'0:09.710',-0.092
'0:09.715',0.038
'0:09.720',0.069
'0:09.725',-0.078
'0:09.730',-0.019
'0:09.735',0.089
'0:09.740',-0.038
'0:09.745',-0.067
'0:09.750',0.079
'0:09.755',0.018
'0:09.760',-0.089
'0:09.765',0.037
'0:09.770',0.062
'0:09.775',-0.085
'0:09.780',-0.016
'0:09.785',0.099
'0:09.790',-0.035
'0:09.795',-0.069
'0:09.800',0.082
'0:09.805',0.023
'0:09.810',-0.087
'0:09.815',0.041
'0:09.820',0.070
'0:09.825',-0.083
'0:09.830',-0.027
'0:09.835',0.084
'0:09.840',-0.047
'0:09.845',-0.080
'0:09.850',0.076
'0:09.855',0.018
'0:09.860',-0.099
'0:09.865',0.030
'0:09.870',0.063
'0:09.875',-0.083
'0:09.880',-0.018
'0:09.885',0.094
'0:09.890',-0.037
'0:09.895',-0.072
'0:09.900',0.078
'0:09.905',0.022
'0:09.910',-0.094
'0:09.915',0.031
'0:09.920',0.061
'0:09.925',-0.093
'0:09.930',-0.030
'0:09.935',0.108
'0:09.940',0.046
'0:09.945',0.099
'0:09.950',0.311
'0:09.955',0.294
'0:09.960',0.167
'0:09.965',0.170
'0:09.970',0.068
'0:09.975',-0.160
'0:09.980',-0.150
'0:09.985',-0.026
'0:09.990',-0.121
'0:09.995',-0.149